{"cameraMode":{"drawMode":0,"name":"Shaded","section":"Shading Mode"},"sceneLighting":true,"audioPlay":false,"sceneViewState":{"showFog":true,"showMaterialUpdate":false,"showSkybox":true,"showFlares":true,"showImageEffects":true,"showParticleSystems":true,"showVisualEffectGraphs":true,"m_FxEnabled":true},"in2DMode":false,"pivot":{"x":-18.977142333984376,"y":29.054834365844728,"z":45.98990249633789},"rotation":{"x":0.024764230474829675,"y":0.6574065089225769,"z":0.021351324394345285,"w":-0.752901017665863},"size":17.042531967163087,"orthographic":false}