{"cameraMode":{"drawMode":0,"name":"Shaded","section":"Shading Mode"},"sceneLighting":false,"audioPlay":false,"sceneViewState":{"showFog":true,"showMaterialUpdate":false,"showSkybox":false,"showFlares":true,"showImageEffects":true,"showParticleSystems":true},"in2DMode":false,"pivot":{"x":0.6455733776092529,"y":11.132415771484375,"z":-4.413508415222168},"rotation":{"x":-0.19747813045978547,"y":0.4558030962944031,"z":-0.10447076708078385,"w":-0.8615898489952087},"size":6.303435802459717,"orthographic":false}