{"cameraMode":{"drawMode":0,"name":"Shaded","section":"Shading Mode"},"sceneLighting":false,"audioPlay":false,"sceneViewState":{"showFog":true,"showMaterialUpdate":false,"showSkybox":false,"showFlares":true,"showImageEffects":true,"showParticleSystems":true},"in2DMode":false,"pivot":{"x":-16.04889488220215,"y":7.278133392333984,"z":-74.16417694091797},"rotation":{"x":0.0005310957203619182,"y":0.9161219000816345,"z":-0.40124037861824038,"w":-0.00022266432642936707},"size":1.658312439918518,"orthographic":false}